N,Time,Error,Space
7980,0.23549427,4.25767363779486e-15,70466176
8140,2.00984786,1.2005371941927177e-11,710592777
20414,1.608910116,1.0822909261878116e-15,365007376
72000,222.383196211,2.4493846413199933e-11,9324696136
96307,2.297725895,2.6381697703613173e-14,707805648
513351,2.792052641,1.121014838003962e-5,1599382096
1585478,16.262157959,4.885361174138983e-12,2996839424
