N,Time,Error,Space
7980,0.28045,4.25767363779486e-15,70466080
8140,3.1750299,1.2005371941927177e-11,743261069
20414,2.3569218,1.0822909261878116e-15,365007280
72000,282.9210845,3.653190246628345e-11,9324696104
96307,3.2994232,2.6381697703613173e-14,707805552
513351,4.9148874,1.1210148380039549e-5,1599382064
1585478,26.1296461,4.882532290374072e-12,2996839392
