N, error, time(s), memory(Kb)
7980, 3.554024e-15, 0.179, 62.39

20414, 9.713746e-16, 2.341, 160.16