N,Time,Error,Space
7980,0.216424131,4.25767363779486e-15,70466176
8140,2.025811063,1.2005371941927177e-11,710732884
20414,1.631310851,1.0822909261878116e-15,365007376
72000,233.145456677,2.4493846413199933e-11,9324696136
96307,2.091428703,2.6381697703613173e-14,707805648
513351,2.856346944,1.121014838003962e-5,1599382096
1585478,16.689532836,4.885361174138983e-12,2996839424
