N,Time,Error,Space
7980,2.1602752208709717,4.43152180487755e-13,188329984
8140,1.928863286972046,1.2043145404009759e-11,203579392
20414,11.514063119888306,8.256239966082104e-15,249507840
72000,51.37228608131409,8.371047853825169e-11,4033298432
96307,7.04647421836853,4.0271812933242365e-14,370520064
513351,2.2659518718719482,1.3226423060529224e-05,655765504
1585478,22.814040422439575,2.9559931213841185e-12,1544667136
