N,Time,Error,Space
7980,1.8062210083007812,4.43152180487755e-13,187994112
8140,2.040879726409912,1.2043145404009759e-11,203329536
20414,10.487841844558716,8.256239966082104e-15,249249792
72000,59.503479957580566,8.371047853825169e-11,4031299584
96307,7.069827079772949,4.0271812933242365e-14,369389568
513351,2.311927556991577,1.3226423060529224e-05,653348864
1585478,24.474268674850464,2.9559931213841185e-12,1564352512
