N,Time,Error,Space
7980,1.9342408180236816,4.43152180487755e-13,2497437696
8140,1.555877447128296,1.2043145404009759e-11,2513760256
20414,10.740604877471924,8.256239966082104e-15,2560864256
72000,59.615660429000854,8.371047853825169e-11,6373040128
96307,7.27315354347229,4.0271812933242365e-14,2758377472
513351,2.4898719787597656,1.3226423060529224e-05,3031375872
1585478,25.59165048599243,2.9559931213841185e-12,3920142336
