N,Time,Error,Space
7980,1.781252384185791,4.43152180487755e-13,139329536
8140,1.6875030994415283,1.2043145404009759e-11,159580160
20414,12.32811975479126,8.256239966082104e-15,155082752
72000,17419.17072868347,1.501744318768126e-08,4339621888
96307,8.889199256896973,4.0271812933242365e-14,53952512
513351,2.156297445297241,1.3226423060529224e-05,424980480
1585478,635.3059728145599,3.851552477352971e-12,2220089344
