N,Time,Error,Space
7980,2.546879529953003,4.43152180487755e-13,5891432448
8140,1.5937552452087402,1.2043145404009759e-11,5917347840
20414,11.468717575073242,8.256239966082104e-15,5908303872
72000,11727.047471046448,1.501744318768126e-08,15018672128
96307,7.890605211257935,4.0271812933242365e-14,4699635712
513351,2.203139066696167,1.3226423060529224e-05,5501235200
1585478,650.9920008182526,3.851552477352971e-12,9444438016
